,lipid,fc,p,TissueType1,TissueType2
0,SM(14:0)+H,0.9920601934631901,0.45367874506499606,striatum,cortex
1,SM(16:0)+H,1.0186217188443576,0.20032681384665293,striatum,cortex
2,SM(18:0)+H,1.036116007290669,0.267134186568959,striatum,cortex
3,SM(18:1)+H,1.0435323328467982,0.02929984650068555,striatum,cortex
4,SM(22:1)+H,1.1279114846353193,0.09369115816894769,striatum,cortex
5,SM(24:1)+H,1.0369242928896958,0.19422321159244743,striatum,cortex
6,CE(22:6)+H,1.288857772473633,0.06110792460624382,striatum,cortex
7,CE(14:0)+H,1.0270077826114534,0.4883710998581634,striatum,cortex
8,CE(16:1)+H,1.025130341854047,0.6779002292641345,striatum,cortex
9,CE(18:0)+H,0.9371391799729233,0.3682852293958425,striatum,cortex
10,CE(18:1)+H,0.9799929216263226,0.6227541343023852,striatum,cortex
11,CE(20:3)+H,1.0701839078710895,0.2730468681344639,striatum,cortex
12,CE(20:4)+H,1.1261229612913457,0.09147453876762265,striatum,cortex
13,CE(20:5)+H,0.9999499825522163,0.999220502603394,striatum,cortex
14,CE(22:2)+H,1.0256900207058488,0.6061112579358721,striatum,cortex
15,CE(24:1)+H,1.0342185158578363,0.504130761930795,striatum,cortex
16,CER(14:0)+H,1.0105334058517628,0.5398782112602145,striatum,cortex
17,CER(18:0)+H,1.000831256135525,0.9571011487775847,striatum,cortex
18,CER(18:1)+H,0.9972075535455461,0.8422779103157975,striatum,cortex
19,CER(20:0)+H,0.9764598514101277,0.05973615796129883,striatum,cortex
20,CER(20:1)+H,1.0110445509582708,0.5237387302957368,striatum,cortex
21,CER(24:1)+H,0.9700471190802951,0.21969765921638149,striatum,cortex
22,CER(26:1)+H,0.9787695886783955,0.22413559623901574,striatum,cortex
23,DCER(14:0)+H,0.9826803053622798,0.2992096904400998,striatum,cortex
24,DCER(18:0)+H,0.985403167251144,0.2096567360014788,striatum,cortex
25,DCER(22:0)+H,1.0060611861424027,0.7707583126625959,striatum,cortex
26,DCER(22:1)+H,0.9887039059759425,0.4744370637925758,striatum,cortex
27,DCER(24:0)+H,0.9770608976115528,0.18988174529451582,striatum,cortex
28,DCER(24:1)+H,1.0094830201131058,0.5411221074485597,striatum,cortex
29,DCER(26:0)+H,0.9833111344455212,0.2848801289411685,striatum,cortex
30,DCER(26:1)+H,0.9455696472493741,0.05333765549940587,striatum,cortex
31,HCER(14:0)+H,0.9889497292688487,0.39268306295340283,striatum,cortex
32,HCER(16:0)+H,0.9935280416222595,0.6629595281432517,striatum,cortex
33,HCER(18:1)+H,0.9992058459156538,0.9678721177921863,striatum,cortex
34,HCER(20:0)+H,0.9811723068419267,0.164888327947687,striatum,cortex
35,HCER(20:1)+H,0.9850668323270841,0.35899629117360876,striatum,cortex
36,HCER(22:0)+H,0.9893223498602859,0.4236388250552845,striatum,cortex
37,HCER(22:1)+H,1.0104681344942148,0.5817118421231342,striatum,cortex
38,HCER(24:0)+H,0.977552006637336,0.14707449376039658,striatum,cortex
39,HCER(26:0)+H,0.9720750686996318,0.09903629308953955,striatum,cortex
40,HCER(26:1)+H,0.9687241502066064,0.017644910085276654,striatum,cortex
41,HCER(d18:0_18:0)+H,0.9953205086687564,0.7508765970690985,striatum,cortex
42,HCER(d18:0_22:0)+H,0.9971882760272345,0.8821195696034769,striatum,cortex
43,HCER(d18:0_24:0)+H,0.9864849837894188,0.34725441641621113,striatum,cortex
44,HCER(d18:0_24:1)+H,0.9801117138474592,0.1030381148910122,striatum,cortex
45,LCER(14:0)+H,0.9710794433362617,0.036498056134145175,striatum,cortex
46,LCER(16:0)+H,1.0168616390432383,0.31274487356942426,striatum,cortex
47,LCER(18:0)+H,0.9846149990222085,0.37411938258245836,striatum,cortex
48,LCER(26:1)+H,0.990417734025814,0.7241412417649677,striatum,cortex
49,LCER(d18:0_20:0)+H,1.0009805993181304,0.970305721850727,striatum,cortex
50,TAG(44:1_FA16:1)+NH4,1.0559284082112317,0.24782428636433193,striatum,cortex
51,TAG(44:2_FA16:1)+NH4,1.030353620296411,0.5007698984938815,striatum,cortex
52,TAG(44:3_FA18:2)+NH4,0.9632024327420303,0.4902333920960633,striatum,cortex
53,TAG(45:1_FA16:0)+NH4,1.0957046742506964,0.08270814149614554,striatum,cortex
54,TAG(46:0_FA18:0)+NH4,0.9585723033541064,0.39589199064606373,striatum,cortex
55,TAG(46:1_FA18:1)+NH4,0.9739710792909786,0.6378437915032008,striatum,cortex
56,TAG(46:2_FA16:1)+NH4,1.025902261310804,0.627453222662784,striatum,cortex
57,TAG(46:2_FA18:1)+NH4,1.030411402398009,0.5275205142004127,striatum,cortex
58,TAG(46:2_FA18:2)+NH4,0.9958588209135191,0.9417033612147334,striatum,cortex
59,TAG(46:3_FA16:1)+NH4,1.010079775489295,0.8476245377511182,striatum,cortex
60,TAG(46:3_FA18:1)+NH4,1.0359458741091399,0.6370268115115447,striatum,cortex
61,TAG(46:3_FA18:2)+NH4,1.048427819758149,0.47538408703141377,striatum,cortex
62,TAG(46:3_FA18:3)+NH4,1.0216445296989498,0.7194747134032657,striatum,cortex
63,TAG(46:4_FA18:2)+NH4,1.0115645710366048,0.8487576780357835,striatum,cortex
64,TAG(47:0_FA17:0)+NH4,1.056129431076506,0.25705202232223817,striatum,cortex
65,TAG(47:1_FA17:0)+NH4,1.0130481996953655,0.772292324916038,striatum,cortex
66,TAG(48:1_FA14:0)+NH4,0.9748124712096586,0.6795209650277001,striatum,cortex
67,TAG(48:1_FA16:0)+NH4,1.009982473894778,0.7408526532525341,striatum,cortex
68,TAG(48:1_FA16:1)+NH4,0.9513470685468656,0.37572866011086437,striatum,cortex
69,TAG(48:2_FA14:0)+NH4,1.0698406499929267,0.1451486105837724,striatum,cortex
70,TAG(48:2_FA16:1)+NH4,1.0330332843151873,0.47075700483011673,striatum,cortex
71,TAG(48:3_FA14:0)+NH4,1.041141091489183,0.4784244533593033,striatum,cortex
72,TAG(48:3_FA16:1)+NH4,1.0860731211124166,0.226982290721858,striatum,cortex
73,TAG(48:3_FA18:1)+NH4,1.0491323397060992,0.6277416639496759,striatum,cortex
74,TAG(48:3_FA18:2)+NH4,1.1068651762458934,0.25287483105648456,striatum,cortex
75,TAG(48:4_FA18:2)+NH4,1.216828347616583,0.034920126710711784,striatum,cortex
76,TAG(48:4_FA18:3)+NH4,1.0266410539961357,0.6481454776429014,striatum,cortex
77,TAG(48:5_FA18:3)+NH4,1.070520313353089,0.32634929782037736,striatum,cortex
78,TAG(49:1_FA17:0)+NH4,1.051835825265923,0.4428468391303664,striatum,cortex
79,TAG(49:2_FA16:1)+NH4,1.0794089664697684,0.2605821995976137,striatum,cortex
80,TAG(49:2_FA18:2)+NH4,1.10051393046716,0.10928440880500467,striatum,cortex
81,TAG(49:3_FA16:1)+NH4,1.0521222304164746,0.36986594381072535,striatum,cortex
82,TAG(50:0_FA16:0)+NH4,1.0143932854295616,0.8094158730210339,striatum,cortex
83,TAG(50:1_FA16:0)+NH4,0.9979405399126077,0.9719026218361945,striatum,cortex
84,TAG(50:1_FA18:1)+NH4,1.2597207082554838,0.0593512757949906,striatum,cortex
85,TAG(50:2_FA14:0)+NH4,1.0306020410495844,0.6293140470100099,striatum,cortex
86,TAG(50:2_FA16:0)+NH4,1.1398167397951822,0.06188930127422974,striatum,cortex
87,TAG(50:2_FA16:1)+NH4,1.0798552302276867,0.24229514883723155,striatum,cortex
88,TAG(50:2_FA18:1)+NH4,1.1159407857736134,0.2241594713099067,striatum,cortex
89,TAG(50:2_FA18:2)+NH4,1.2059854956767069,0.003791706263403126,striatum,cortex
90,TAG(50:3_FA16:1)+NH4,1.101970612721962,0.2594908630567449,striatum,cortex
91,TAG(50:3_FA18:1)+NH4,1.056884275987994,0.26349822191091565,striatum,cortex
92,TAG(50:3_FA18:2)+NH4,1.1314851470554663,0.08801182112210282,striatum,cortex
93,TAG(50:3_FA18:3)+NH4,1.0733717944217873,0.3384516637015085,striatum,cortex
94,TAG(50:4_FA16:1)+NH4,1.240730096446895,0.01963097017319008,striatum,cortex
95,TAG(50:5_FA14:0)+NH4,1.0885672071743717,0.38439540301941555,striatum,cortex
96,TAG(50:5_FA18:3)+NH4,1.155589484803841,0.07366358535034218,striatum,cortex
97,TAG(51:0_FA17:0)+NH4,0.9704321829869795,0.6319465901761695,striatum,cortex
98,TAG(51:2_FA16:1)+NH4,1.021598988255685,0.7637691168592864,striatum,cortex
99,TAG(51:3_FA18:2)+NH4,0.9768246798017088,0.8018791749551498,striatum,cortex
100,TAG(51:4_FA18:2)+NH4,1.093335871517383,0.19168236577414877,striatum,cortex
101,TAG(51:4_FA18:3)+NH4,1.0454586002115,0.4697937986324092,striatum,cortex
102,TAG(52:0_FA20:0)+NH4,1.068725811237638,0.39400194446908665,striatum,cortex
103,TAG(52:1_FA16:0)+NH4,1.2669552754095037,0.03227049615399045,striatum,cortex
104,TAG(52:1_FA18:1)+NH4,1.1931375436319043,0.19556358230726278,striatum,cortex
105,TAG(52:1_FA20:0)+NH4,1.165647775132256,0.08500124936001428,striatum,cortex
106,TAG(52:2_FA16:0)+NH4,1.7489196868745227,0.013161385178373102,striatum,cortex
107,TAG(52:2_FA18:2)+NH4,1.203036436338966,0.001208771295197652,striatum,cortex
108,TAG(52:3_FA16:1)+NH4,1.5547659890754708,0.00703538369145123,striatum,cortex
109,TAG(52:3_FA18:2)+NH4,1.177401905911988,0.04653996665905949,striatum,cortex
110,TAG(52:4_FA14:0)+NH4,1.0266596279181108,0.6426838469995084,striatum,cortex
111,TAG(52:4_FA16:0)+NH4,1.1768504873136545,0.08189319148951364,striatum,cortex
112,TAG(52:4_FA16:1)+NH4,1.1646635675117198,0.10525309913399276,striatum,cortex
113,TAG(52:4_FA18:1)+NH4,1.2059637833142172,0.034715936421593034,striatum,cortex
114,TAG(52:4_FA18:3)+NH4,1.376898328785476,0.010616986922060572,striatum,cortex
115,TAG(52:4_FA20:3)+NH4,1.3621421172645922,0.038790483891238896,striatum,cortex
116,TAG(52:4_FA20:4)+NH4,1.1277548563770454,0.03425869765757606,striatum,cortex
117,TAG(52:5_FA14:0)+NH4,1.1536522049208708,0.07127243357598252,striatum,cortex
118,TAG(52:5_FA16:0)+NH4,1.1657484159501623,0.09250523613061967,striatum,cortex
119,TAG(52:5_FA18:2)+NH4,1.1168669809925407,0.23997059005314147,striatum,cortex
120,TAG(52:6_FA14:0)+NH4,1.0627666007669294,0.3678796531492394,striatum,cortex
121,TAG(52:6_FA16:0)+NH4,1.1431525339572788,0.07164733403406154,striatum,cortex
122,TAG(52:6_FA18:3)+NH4,1.3431091433986109,0.01235156797754551,striatum,cortex
123,TAG(52:6_FA20:4)+NH4,1.259091473427701,0.0448332481826113,striatum,cortex
124,TAG(52:6_FA22:6)+NH4,1.034950146958602,0.5849317511483489,striatum,cortex
125,TAG(52:7_FA22:6)+NH4,1.0608755791507984,0.4147435544513066,striatum,cortex
126,TAG(53:1_FA16:0)+NH4,0.979947535136982,0.8234850216531084,striatum,cortex
127,TAG(53:2_FA16:0)+NH4,1.303201129642245,0.01473667825884828,striatum,cortex
128,TAG(53:2_FA17:0)+NH4,1.2111666241917451,0.35483024068809027,striatum,cortex
129,TAG(53:4_FA18:2)+NH4,0.9892997554202949,0.9192530518345627,striatum,cortex
130,TAG(54:1_FA20:0)+NH4,1.2011315754277585,0.02779959081790081,striatum,cortex
131,TAG(54:2_FA18:0)+NH4,1.3145485223726974,0.02374031294763049,striatum,cortex
132,TAG(54:2_FA18:1)+NH4,1.2177209061145362,0.10190997711214077,striatum,cortex
133,TAG(54:2_FA20:0)+NH4,1.212488616286668,0.012725962097281763,striatum,cortex
134,TAG(54:2_FA20:1)+NH4,1.1452056683467104,0.27354763304896534,striatum,cortex
135,TAG(54:3_FA18:0)+NH4,1.2355277415504797,0.07398206336157052,striatum,cortex
136,TAG(54:4_FA18:0)+NH4,1.2969179002282156,0.0374724288245602,striatum,cortex
137,TAG(54:4_FA18:1)+NH4,1.148039812864056,0.09489371749582762,striatum,cortex
138,TAG(54:4_FA20:3)+NH4,1.277132531846578,0.018404679128750816,striatum,cortex
139,TAG(54:4_FA20:4)+NH4,1.0213077172700422,0.7626339605081669,striatum,cortex
140,TAG(54:5_FA16:0)+NH4,1.6229846124061131,0.005963047538990818,striatum,cortex
141,TAG(54:5_FA22:5)+NH4,1.2459749315955684,0.031126001376378883,striatum,cortex
142,TAG(54:6_FA16:1)+NH4,1.1295182292116177,0.2897715488318082,striatum,cortex
143,TAG(54:6_FA18:1)+NH4,1.1633947222076988,0.07623719038082911,striatum,cortex
144,TAG(54:6_FA18:2)+NH4,1.2129646070920415,0.046337884797910726,striatum,cortex
145,TAG(54:6_FA18:3)+NH4,1.3927374352154467,0.014403782749518295,striatum,cortex
146,TAG(54:6_FA22:5)+NH4,1.2108774037168506,0.062541264422699,striatum,cortex
147,TAG(54:6_FA22:6)+NH4,1.1395667120479283,0.27559915509595767,striatum,cortex
148,TAG(54:7_FA18:2)+NH4,1.1153340065841961,0.16001159521746622,striatum,cortex
149,TAG(54:7_FA22:6)+NH4,1.078915946434732,0.32283953686563205,striatum,cortex
150,TAG(54:8_FA18:2)+NH4,1.3309833781077942,0.00405761251961473,striatum,cortex
151,TAG(54:8_FA22:6)+NH4,1.0869581907372163,0.19343567284176366,striatum,cortex
152,TAG(55:1_FA16:0)+NH4,1.2351513721152698,0.04127349764287999,striatum,cortex
153,TAG(55:1_FA18:1)+NH4,1.182492144524472,0.08766603086054921,striatum,cortex
154,TAG(56:5_FA16:0)+NH4,1.2720508189360744,0.05120102622936616,striatum,cortex
155,TAG(56:5_FA18:1)+NH4,1.1930771864941359,0.16357420508661313,striatum,cortex
156,TAG(56:5_FA20:4)+NH4,1.123307678109051,0.16701094868012945,striatum,cortex
157,TAG(56:6_FA18:0)+NH4,1.3353385386928511,0.004814097233685919,striatum,cortex
158,TAG(56:6_FA18:1)+NH4,1.1038909201498508,0.1951428539915468,striatum,cortex
159,TAG(56:6_FA20:4)+NH4,1.1062762169301221,0.17890356291339984,striatum,cortex
160,TAG(56:6_FA22:5)+NH4,1.1757758598634394,0.09375438196915066,striatum,cortex
161,TAG(56:7_FA20:3)+NH4,1.1626548969321326,0.021378964746748497,striatum,cortex
162,TAG(56:7_FA22:5)+NH4,1.0876499723879094,0.28524437236047867,striatum,cortex
163,TAG(56:7_FA22:6)+NH4,1.1400178093392854,0.4050599885711771,striatum,cortex
164,TAG(56:8_FA16:0)+NH4,1.2043420514186471,0.05151135158116442,striatum,cortex
165,TAG(56:8_FA16:1)+NH4,1.2295617355700748,0.1771260920229979,striatum,cortex
166,TAG(56:8_FA18:1)+NH4,1.3820915338572617,0.006024687939175945,striatum,cortex
167,TAG(56:8_FA18:2)+NH4,1.439237320948792,0.04809874969037581,striatum,cortex
168,TAG(56:8_FA20:4)+NH4,1.0235632024575008,0.7141628754529119,striatum,cortex
169,TAG(56:8_FA22:6)+NH4,1.0522274902010544,0.5091081973841849,striatum,cortex
170,TAG(56:9_FA18:3)+NH4,1.135923240563819,0.16687680698936627,striatum,cortex
171,TAG(56:9_FA20:4)+NH4,1.2689501890078465,0.011286629569989038,striatum,cortex
172,TAG(56:9_FA22:6)+NH4,1.1709390926676628,0.048412726587060306,striatum,cortex
173,TAG(57:10_FA22:6)+NH4,0.9820359778109047,0.8111889882764844,striatum,cortex
174,TAG(57:2_FA18:1)+NH4,1.3403393230888758,0.004928821958018496,striatum,cortex
175,TAG(58:10_FA20:4)+NH4,1.1708936419313871,0.10042264678170135,striatum,cortex
176,TAG(58:10_FA22:6)+NH4,1.1318091471687393,0.18473575043724166,striatum,cortex
177,TAG(58:6_FA22:4)+NH4,1.363692634611699,0.04354695998672868,striatum,cortex
178,TAG(58:6_FA22:5)+NH4,1.6656044494529443,0.10669991050460428,striatum,cortex
179,TAG(58:7_FA20:4)+NH4,1.2545714521366236,0.07259908484222695,striatum,cortex
180,TAG(58:8_FA18:1)+NH4,1.372504035375875,0.027580192162039684,striatum,cortex
181,TAG(58:8_FA20:4)+NH4,1.2334645757885465,0.15322973885719052,striatum,cortex
182,TAG(58:8_FA22:5)+NH4,1.2204188502465891,0.03372155114868623,striatum,cortex
183,TAG(58:8_FA22:6)+NH4,1.0306977021045638,0.6886559701282461,striatum,cortex
184,TAG(58:9_FA20:4)+NH4,1.0114333423464765,0.8543423245232141,striatum,cortex
185,TAG(58:9_FA22:6)+NH4,1.0596803854322512,0.4002988377746993,striatum,cortex
186,TAG(60:10_FA22:5)+NH4,1.395608795686539,0.00978094339194814,striatum,cortex
187,TAG(60:10_FA22:6)+NH4,1.0171271232371517,0.8298330859230891,striatum,cortex
188,TAG(60:11_FA22:6)+NH4,1.09805260186336,0.29131892700246914,striatum,cortex
189,TAG(60:12_FA22:6)+NH4,1.2109011462072103,0.3847525706637547,striatum,cortex
190,DAG(14:0_18:1)+NH4,1.0581442622366586,0.3311037441601694,striatum,cortex
191,DAG(14:0_18:2)+NH4,0.988760242358633,0.8064100466274249,striatum,cortex
192,DAG(16:0_18:0)+NH4,0.9368330261180975,0.21028147081798082,striatum,cortex
193,DAG(16:0_18:1)+NH4,0.9479940243208901,0.4108036047167706,striatum,cortex
194,DAG(16:0_18:2)+NH4,1.0032659414649154,0.9461294745871995,striatum,cortex
195,DAG(16:1_18:2)+NH4,1.0131436833826397,0.7589704334792462,striatum,cortex
196,DAG(14:0_20:4)+NH4,0.9767955790673238,0.7055485648121487,striatum,cortex
197,DAG(16:1_20:0)+NH4,0.9918231057995655,0.8652806184837452,striatum,cortex
198,DAG(18:0_18:1)+NH4,0.9415949617094291,0.16605553402444936,striatum,cortex
199,DAG(18:1_18:1)+NH4,0.9716150467216158,0.6664935423540068,striatum,cortex
200,DAG(16:0_20:4)+NH4,1.001403952397055,0.9889769451563895,striatum,cortex
201,DAG(16:1_20:4)+NH4,0.9943654338843881,0.9139330832203092,striatum,cortex
202,DAG(16:0_20:5)+NH4,1.034157111382075,0.44410672578926735,striatum,cortex
203,DAG(18:1_20:1)+NH4,1.0634017361640016,0.23242202204709322,striatum,cortex
204,DAG(18:1_20:4)+NH4,0.9758139929212777,0.8224608243282292,striatum,cortex
205,DAG(18:2_20:4)+NH4,1.0028118777948203,0.9477888862960697,striatum,cortex
206,DAG(18:1_20:5)+NH4,1.1284527637718385,0.12072362096547727,striatum,cortex
207,DAG(16:0_22:6)+NH4,1.0867125558952275,0.5559839074589281,striatum,cortex
208,DAG(16:1_22:6)+NH4,1.021622656286657,0.5907410438994989,striatum,cortex
209,DAG(18:1_22:5)+NH4,1.0190971462340903,0.7044168821585366,striatum,cortex
210,DAG(18:0_22:6)+NH4,1.0790926510789354,0.4886565317306284,striatum,cortex
211,DAG(18:1_22:6)+NH4,0.9717743176875121,0.7535045227307757,striatum,cortex
212,DAG(18:2_22:6)+NH4,1.0173957085622305,0.7800043781336501,striatum,cortex
213,MAG(16:0)+NH4,1.1140173760092837,0.32324652059471226,striatum,cortex
214,MAG(16:1)+NH4,1.206329524793449,0.1720631503091015,striatum,cortex
215,MAG(18:1)+NH4,0.8692902769214553,0.5700594495133735,striatum,cortex
216,MAG(18:2)+NH4,1.0538308779482535,0.5175433670628946,striatum,cortex
217,MAG(20:0)+NH4,0.9956777436174324,0.9345601039779605,striatum,cortex
218,MAG(20:2)+NH4,1.0091778524255108,0.8853998789673078,striatum,cortex
219,MAG(20:3)+NH4,1.011914224597654,0.8842889132528144,striatum,cortex
220,MAG(20:4)+NH4,1.0704736621476636,0.6877685838393279,striatum,cortex
221,MAG(22:0)+NH4,0.9955412714981468,0.9288059828496518,striatum,cortex
222,MAG(22:1)+NH4,0.9886510806010277,0.8027808683846156,striatum,cortex
223,MAG(22:2)+NH4,1.0032789133521673,0.9494539400274877,striatum,cortex
224,MAG(22:3)+NH4,1.0075025206039883,0.8652265105645432,striatum,cortex
225,MAG(22:4)+NH4,0.9757409430061925,0.7095320358405303,striatum,cortex
226,MAG(22:5)+NH4,0.9653293441593447,0.7354885165861177,striatum,cortex
227,MAG(22:6)+NH4,0.8406979183135223,0.35621975610857637,striatum,cortex
228,LPC(14:0)+AcO,1.0920547442749717,0.060650115550097985,striatum,cortex
229,LPC(18:2)+AcO,1.0432642325605792,0.20196782874375152,striatum,cortex
230,LPC(18:3)+AcO,1.024527111307209,0.03716771716340226,striatum,cortex
231,LPC(20:0)+AcO,1.0129125567086668,0.10115633271539799,striatum,cortex
232,LPC(20:1)+AcO,1.0090247070528415,0.26521341489104805,striatum,cortex
233,LPC(20:4)+AcO,1.0267399330815952,0.04062753585693237,striatum,cortex
234,LPC(20:5)+AcO,1.003421321668777,0.7370397981001691,striatum,cortex
235,LPC(22:4)+AcO,1.013591131420438,0.2389143658782493,striatum,cortex
236,LPC(22:5)+AcO,1.0275713389710261,0.0004564587102320836,striatum,cortex
237,LPG(16:0)-H,1.004734604093953,0.651835682188697,striatum,cortex
238,LPG(18:0)-H,1.0168392683195362,0.39438499792313386,striatum,cortex
239,LPI(16:0)-H,1.0743749639353493,0.03595880783201965,striatum,cortex
240,LPI(16:1)-H,1.0270521736557878,0.1745848431962278,striatum,cortex
241,LPI(18:0)-H,1.0407807761214383,0.32474489663450823,striatum,cortex
242,LPI(18:1)-H,1.058039255044836,0.19323160467327755,striatum,cortex
243,LPI(18:2)-H,1.0564498528431485,0.037793468153511915,striatum,cortex
244,LPI(20:0)-H,1.0029355991617628,0.8840331333939593,striatum,cortex
245,LPI(20:1)-H,0.983200802422302,0.3544976500260797,striatum,cortex
246,LPI(20:2)-H,1.0574399058436716,0.053840866525642544,striatum,cortex
247,LPI(20:4)-H,1.002197136492897,0.9628591258702015,striatum,cortex
248,LPI(22:4)-H,1.0222142624968797,0.41407048709128025,striatum,cortex
249,PI(14:0_18:1)-H,0.9691784167290018,0.140773102415954,striatum,cortex
250,PI(14:0_18:3)-H,0.9666141117323124,,striatum,cortex
251,PI(14:0_20:4)-H,0.9946302305830667,0.6807261353970713,striatum,cortex
252,PI(16:0_16:0)-H,1.0203970903859791,0.2666063440626402,striatum,cortex
253,PI(16:0_16:1)-H,1.0534101488824528,4.419396989591627e-05,striatum,cortex
254,PI(16:0_18:0)-H,1.0608813973740352,0.23168722938343572,striatum,cortex
255,PI(16:0_18:1)-H,1.0715827756625667,0.00032395007914725016,striatum,cortex
256,PI(16:0_18:3)-H,1.0295772691702558,0.01845896453540158,striatum,cortex
257,PI(16:0_20:1)-H,0.9780516507634274,0.10898301738996762,striatum,cortex
258,PI(16:0_20:2)-H,1.0473931754358923,0.00016467580593299472,striatum,cortex
259,PI(16:0_20:4)-H,1.3911772533153985,2.925191165369611e-05,striatum,cortex
260,PI(16:0_22:4)-H,0.979574285421932,0.44628557666879987,striatum,cortex
261,PI(16:0_22:5)-H,1.0346883903801167,0.047671923707977445,striatum,cortex
262,PI(18:0_16:1)-H,1.0144383639249435,0.3146527320916143,striatum,cortex
263,PI(18:0_18:0)-H,1.021804522017993,0.15235451027182156,striatum,cortex
264,PI(18:0_18:1)-H,1.0239686674005408,0.21663707308066252,striatum,cortex
265,PI(18:0_18:3)-H,1.018930289786438,0.11452214451493196,striatum,cortex
266,PI(18:0_20:1)-H,0.9951697822466633,0.8205635520732495,striatum,cortex
267,PI(18:0_20:2)-H,1.000737350679985,0.9634430573568582,striatum,cortex
268,PI(18:0_20:3)-H,1.0090443036745274,0.644449682250001,striatum,cortex
269,PI(18:0_20:4)-H,0.9051939147846247,0.3766231568875804,striatum,cortex
270,PI(18:0_20:5)-H,1.0170693869838898,0.3202630545050969,striatum,cortex
271,PI(18:0_22:4)-H,0.9776223813792873,0.10767792220238068,striatum,cortex
272,PI(18:0_22:5)-H,1.0598104233316417,9.492554356319373e-05,striatum,cortex
273,PI(18:0_22:6)-H,1.1131429536998037,6.042339505440236e-11,striatum,cortex
274,PI(18:1_16:1)-H,1.2326259244938857,0.015755049307555655,striatum,cortex
275,PI(18:1_18:1)-H,1.0155905166595924,0.36622080492636666,striatum,cortex
276,PI(18:1_18:3)-H,1.018898034332517,0.2069366056861579,striatum,cortex
277,PI(18:1_20:1)-H,0.9724787341054721,0.0565488810203512,striatum,cortex
278,PI(18:1_20:2)-H,1.0177699556897633,0.28189395194663475,striatum,cortex
279,PI(18:1_20:3)-H,1.0361868387732636,0.09687153080923278,striatum,cortex
280,PI(18:1_20:4)-H,1.4312787505731936,0.05493859465453365,striatum,cortex
281,PI(18:1_20:5)-H,0.9765989557736166,0.06636719311543052,striatum,cortex
282,PI(18:1_22:4)-H,0.9809490108215969,0.20253036041207725,striatum,cortex
283,PI(18:1_22:5)-H,1.0120922865052584,0.30331061259220343,striatum,cortex
284,PI(18:1_22:6)-H,1.0862290117750182,4.9038306271153696e-05,striatum,cortex
285,PI(18:2_16:1)-H,1.095065243931924,0.00042048540537341177,striatum,cortex
286,PI(18:2_18:2)-H,1.0485080943356455,0.0031739801695787966,striatum,cortex
287,PI(18:2_20:3)-H,1.0258137118583341,0.17072128666199732,striatum,cortex
288,PI(18:2_20:4)-H,1.0793340764600978,0.00459311766941337,striatum,cortex
289,PI(18:2_22:4)-H,0.9795406464742427,0.10480361084819291,striatum,cortex
290,PI(18:2_22:6)-H,1.0473222842233156,0.008442134551859227,striatum,cortex
291,PI(20:0_16:1)-H,1.0728746359441057,,striatum,cortex
292,PI(20:0_18:1)-H,1.0038815454514125,0.778389880786804,striatum,cortex
293,PI(20:0_20:4)-H,0.9754906790485155,0.07930680360822309,striatum,cortex
294,PI(20:0_22:6)-H,1.0249772173264198,0.1732816248779221,striatum,cortex
295,LPS(18:1)-H,1.0158588664275456,0.5844433932037951,striatum,cortex
296,LPS(20:0)-H,1.0189847152075877,0.5668560261961766,striatum,cortex
297,PS(14:0_20:1)-H,1.0355073650899447,0.06556380442908513,striatum,cortex
298,PS(14:0_20:4)-H,1.0832914937143543,0.05820031528953578,striatum,cortex
299,PS(16:0_18:0)-H,1.0310184510287785,0.3202514810001388,striatum,cortex
300,PS(16:0_20:1)-H,0.9982113794077163,0.8997945213217763,striatum,cortex
301,PS(16:0_20:4)-H,0.9963264384763763,0.897957229368376,striatum,cortex
302,PS(16:0_20:5)-H,0.9631075267145357,0.09144678995651388,striatum,cortex
303,PS(16:0_22:5)-H,1.0438626980668932,0.19358313847133657,striatum,cortex
304,PS(18:0_14:0)-H,1.0137471908115274,0.3216848736888799,striatum,cortex
305,PS(18:0_16:1)-H,1.0460869461569828,0.059014444008322474,striatum,cortex
306,PS(18:0_18:1)-H,1.1343771601960464,0.055758444278240046,striatum,cortex
307,PS(18:0_18:2)-H,1.0675654980011489,0.010040648573221962,striatum,cortex
308,PS(18:0_18:3)-H,1.0282827558353589,0.12069277529414589,striatum,cortex
309,PS(18:0_20:0)-H,1.0129556456477877,0.7400431454760241,striatum,cortex
310,PS(18:0_20:1)-H,0.970786661646993,0.12829896974362023,striatum,cortex
311,PS(18:0_20:2)-H,1.0484289370791682,0.005785084494276818,striatum,cortex
312,PS(18:0_20:3)-H,1.0344503540955958,0.19605918893150676,striatum,cortex
313,PS(18:0_20:4)-H,1.0492028020273414,0.2919456124015721,striatum,cortex
314,PS(18:0_20:5)-H,1.0455927676754593,0.23791902994651,striatum,cortex
315,PS(18:0_22:4)-H,0.9673426470976806,0.4556574242042981,striatum,cortex
316,PS(18:0_22:5)-H,1.0321700422155353,0.282967919696863,striatum,cortex
317,PS(18:0_22:6)-H,1.0798204645840683,0.2520650895311609,striatum,cortex
318,PS(18:1_16:1)-H,1.0634811090026894,0.14145143739474367,striatum,cortex
319,PS(18:1_18:1)-H,1.016996808922526,0.6304411378173972,striatum,cortex
320,PS(18:1_20:2)-H,1.3378843181102686,0.0030584920671547374,striatum,cortex
321,PS(18:1_20:4)-H,1.036933499535187,0.5352911970102632,striatum,cortex
322,PS(18:1_22:6)-H,1.024642150903453,0.6827215702618828,striatum,cortex
323,PS(18:2_18:2)-H,1.055752457780296,0.07631310601735897,striatum,cortex
324,PS(18:2_20:1)-H,0.9480932417547612,0.04043867088463288,striatum,cortex
325,PS(18:2_20:2)-H,1.0321269708609053,0.19337321362193838,striatum,cortex
326,PS(18:2_22:6)-H,1.0071627718705471,0.8419039417048058,striatum,cortex
327,PS(20:0_16:1)-H,0.9937096577335981,0.7831581824643836,striatum,cortex
328,PS(20:0_18:2)-H,1.0139745284416528,0.5081807459145645,striatum,cortex
329,PS(20:0_18:3)-H,1.0086838611590503,0.7009223257293477,striatum,cortex
330,PS(20:0_20:1)-H,0.9551000173826081,0.03315877847932886,striatum,cortex
331,PS(20:0_20:2)-H,0.9950628495214776,0.815132827450048,striatum,cortex
332,PS(20:0_20:3)-H,0.9828256379579975,0.5318354168691084,striatum,cortex
333,PS(20:0_20:4)-H,0.9668280472252264,0.23263748515446675,striatum,cortex
334,PS(20:0_22:4)-H,0.9540368660254256,0.02868870587129524,striatum,cortex
335,PS(20:0_22:5)-H,0.9721576665429933,0.23914711386743626,striatum,cortex
336,PS(20:0_22:6)-H,1.5456757555550147,0.011942011163365159,striatum,cortex
337,PC(14:0_14:0)+AcO,1.1697498580795989,0.040875237083295705,striatum,cortex
338,PC(14:0_18:1)+AcO,1.1474384076072732,0.1860056052941772,striatum,cortex
339,PC(14:0_20:4)+AcO,1.2348584796411828,0.06825076855621913,striatum,cortex
340,PC(16:0_14:0)+AcO,1.0746750169664772,0.015255276084201816,striatum,cortex
341,PC(16:0_16:0)+AcO,1.5383662242258016,0.00910569725137207,striatum,cortex
342,PC(16:0_18:0)+AcO,1.1047754850854308,0.009751322796821204,striatum,cortex
343,PC(16:0_20:1)+AcO,1.0283556479629608,0.2584679394378662,striatum,cortex
344,PC(16:0_20:2)+AcO,1.0746064420481558,0.0025994990693900435,striatum,cortex
345,PC(16:1_18:1)+AcO,1.1775157373501697,0.31719774404310386,striatum,cortex
346,PC(16:0_22:6)+AcO,1.0629406046211836,0.029256202037074828,striatum,cortex
347,PC(18:0_14:0)+AcO,1.0584540134838187,0.19690468546611906,striatum,cortex
348,PC(18:0_18:0)+AcO,1.1637287371576939,0.15116498842535583,striatum,cortex
349,PC(18:0_20:1)+AcO,1.2668403585771963,0.01907731459417593,striatum,cortex
350,PC(18:1_16:1)+AcO,1.0991337575191462,0.4978077905604297,striatum,cortex
351,PC(18:1_18:1)+AcO,0.9924469444092848,0.7941852395164501,striatum,cortex
352,PC(18:1_18:2)+AcO,1.0026204323496422,0.9068541320146088,striatum,cortex
353,PC(18:1_20:1)+AcO,1.0165181192169068,0.668243507418457,striatum,cortex
354,PC(18:1_20:2)+AcO,1.016527668753858,0.4351744349197053,striatum,cortex
355,PC(18:1_20:3)+AcO,1.009913886749379,0.5380195914885118,striatum,cortex
356,PC(18:1_20:4)+AcO,0.9618085239625154,0.36934021241860426,striatum,cortex
357,PC(18:2_16:1)+AcO,1.0533259549594545,0.23515858093021397,striatum,cortex
358,PC(18:2_20:4)+AcO,1.0345778324296642,0.27102391209596943,striatum,cortex
359,LPE(14:0)-H,1.019315456464956,0.3094653803509054,striatum,cortex
360,LPE(16:1)-H,1.033519188047438,0.045203355103840936,striatum,cortex
361,LPE(18:0)-H,1.037786224628128,0.014356717631506073,striatum,cortex
362,LPE(18:2)-H,1.0445625037403672,0.026419149100502227,striatum,cortex
363,LPE(18:3)-H,1.0143037368228738,0.06543397156841754,striatum,cortex
364,LPE(20:0)-H,1.0242924451532196,0.22821680193525107,striatum,cortex
365,LPE(20:1)-H,1.0488332904205013,0.03985373147497811,striatum,cortex
366,LPE(20:2)-H,1.0413382958661344,0.06907949574555163,striatum,cortex
367,LPE(20:3)-H,1.0381264530038092,0.13818308253546888,striatum,cortex
368,LPE(20:4)-H,1.0389544906611061,0.1583850874230055,striatum,cortex
369,LPE(20:5)-H,0.9952272984750854,0.7712798262149679,striatum,cortex
370,LPE(22:4)-H,1.0385290283852668,0.18589824276896727,striatum,cortex
371,LPE(22:5)-H,1.049011850793954,0.05218743381452521,striatum,cortex
372,LPE(22:6)-H,1.0619030784089563,0.019944806997275855,striatum,cortex
373,PE(14:0_14:0)-H,1.079600819097811,,striatum,cortex
374,PE(14:0_18:1)-H,1.000328503889559,0.9834704537315517,striatum,cortex
375,PE(14:0_18:2)-H,1.017692801776304,0.5378753349769243,striatum,cortex
376,PE(14:0_20:4)-H,0.9838951625714885,0.21764658987740612,striatum,cortex
377,PE(14:0_22:4)-H,0.9642774563112132,0.07226784561557922,striatum,cortex
378,PE(14:0_22:5)-H,1.04041349539372,0.20987016184167256,striatum,cortex
379,PE(14:0_22:6)-H,1.0171012853899126,0.23580833528226783,striatum,cortex
380,PE(16:0_16:1)-H,0.9829300200705853,0.42752234739813066,striatum,cortex
381,PE(16:0_18:1)-H,1.0275938862527796,0.5327293615415947,striatum,cortex
382,PE(16:0_18:2)-H,1.0363320856204594,0.0787340278929824,striatum,cortex
383,PE(16:0_18:3)-H,1.0446672140673892,0.026324829448173565,striatum,cortex
384,PE(16:0_20:1)-H,1.0288030051838915,0.1468846505962994,striatum,cortex
385,PE(16:0_20:2)-H,1.0270998086268712,0.13709622302282773,striatum,cortex
386,PE(16:0_20:3)-H,1.0166165898581452,0.41807087493252315,striatum,cortex
387,PE(16:0_20:5)-H,0.9896127580339281,0.6654629687824094,striatum,cortex
388,PE(16:0_22:4)-H,0.9950773910179805,0.8628568191532543,striatum,cortex
389,PE(16:0_22:5)-H,1.055229098723114,0.011715142528112238,striatum,cortex
390,PE(18:0_18:0)-H,0.9865793137772753,0.5746148494620164,striatum,cortex
391,PE(18:0_18:2)-H,1.0354796190666409,0.29774928932000644,striatum,cortex
392,PE(18:0_18:3)-H,1.0105144525112615,0.5239724801768751,striatum,cortex
393,PE(18:0_20:1)-H,1.028545223183021,0.24725876027466975,striatum,cortex
394,PE(18:0_20:3)-H,1.0354420682831709,0.2932545478148432,striatum,cortex
395,PE(18:0_20:4)-H,0.9212401266702966,0.8220459387226604,striatum,cortex
396,PE(18:0_20:5)-H,0.9927594836027972,0.7533188715339206,striatum,cortex
397,PE(18:0_22:4)-H,0.9422954999414608,0.14721562156379375,striatum,cortex
398,PE(18:0_22:5)-H,1.037683825226104,0.20453140761061206,striatum,cortex
399,PE(18:0_22:6)-H,1.2267415567761548,0.01490332896226373,striatum,cortex
400,PE(18:1_16:1)-H,1.007684853704642,0.7728217291904512,striatum,cortex
401,PE(18:1_18:2)-H,1.0209635318288426,0.5219300487015323,striatum,cortex
402,PE(18:1_18:3)-H,1.0091114119763411,0.596207218548586,striatum,cortex
403,PE(18:1_20:1)-H,1.0026522363284651,0.9207160480823153,striatum,cortex
404,PE(18:1_20:2)-H,1.0344154777865924,0.27043336816345726,striatum,cortex
405,PE(18:1_20:3)-H,1.0015821230118858,0.9557540018841707,striatum,cortex
406,PE(18:1_20:5)-H,0.9728578480445437,0.1831145481141508,striatum,cortex
407,PE(18:1_22:4)-H,0.9669175072940949,0.2588805070475092,striatum,cortex
408,PE(18:1_22:6)-H,1.0722178177562094,0.1073929912861043,striatum,cortex
409,PE(18:2_20:4)-H,1.0274020687706182,0.35771950771315364,striatum,cortex
410,PE(18:2_20:5)-H,0.9765257932144733,0.1637643772662437,striatum,cortex
411,PE(O-16:0_16:0)-H,1.0198273777935336,0.36525813830475307,striatum,cortex
412,PE(O-16:0_18:0)-H,0.9497510547105447,0.28509833813768815,striatum,cortex
413,PE(O-16:0_18:2)-H,1.0309385787704572,0.35251834949722005,striatum,cortex
414,PE(O-16:0_20:1)-H,0.9909738123930908,0.6496833718315558,striatum,cortex
415,PE(O-16:0_20:4)-H,0.9572045100744008,0.05461071477317999,striatum,cortex
416,PE(O-16:0_22:4)-H,0.9321613784839641,0.009311541594107004,striatum,cortex
417,PE(O-18:0_16:0)-H,1.0108241074320727,0.6274504570293318,striatum,cortex
418,PE(O-18:0_20:4)-H,0.9863371405491864,0.4882540245663881,striatum,cortex
419,PE(O-18:0_20:5)-H,0.9756707066233704,0.10201035806634876,striatum,cortex
420,PE(O-18:0_22:4)-H,0.9378899620932979,0.0005726811936499807,striatum,cortex
421,PE(P-14:0_18:0)-H,0.9882998685037493,0.6936208483764199,striatum,cortex
422,PE(P-16:0_16:1)-H,0.9824078677154433,0.43324522428847556,striatum,cortex
423,PE(P-16:0_18:1)-H,1.0202406299335907,0.8360508687127084,striatum,cortex
424,PE(P-16:0_18:2)-H,1.017061873416098,0.6147578176764634,striatum,cortex
425,PE(P-16:0_18:3)-H,1.0117587284392877,0.5841378018508192,striatum,cortex
426,PE(P-16:0_20:1)-H,1.0287066039731785,0.5619652469844845,striatum,cortex
427,PE(P-16:0_20:2)-H,1.010637367909652,0.6322063121304059,striatum,cortex
428,PE(P-16:0_20:3)-H,0.982739248536622,0.5154967542099682,striatum,cortex
429,PE(P-16:0_20:4)-H,0.8961215823960639,0.10098844258922007,striatum,cortex
430,PE(P-16:0_22:4)-H,0.9528356842882628,0.3132658562299815,striatum,cortex
431,PE(P-16:0_22:5)-H,1.014197406199856,0.5198743353258038,striatum,cortex
432,PE(P-18:0_16:0)-H,1.0502430960484246,0.0683470702196699,striatum,cortex
433,PE(P-18:0_16:1)-H,0.9810877069715761,0.3578481372192788,striatum,cortex
434,PE(P-18:0_18:1)-H,1.0287833237543813,0.5540135926131138,striatum,cortex
435,PE(P-18:0_18:2)-H,0.9865589479825175,0.5661176137974588,striatum,cortex
436,PE(P-18:0_20:1)-H,1.0396257691375526,0.32009096376433027,striatum,cortex
437,PE(P-18:0_20:4)-H,0.9731504152286354,0.6550052501052943,striatum,cortex
438,PE(P-18:0_20:5)-H,0.9839934737999779,0.41954651477775173,striatum,cortex
439,PE(P-18:0_22:4)-H,0.964436051737234,0.41594696913525686,striatum,cortex
440,PE(P-18:1_16:0)-H,1.0143843634330347,0.6544357449303264,striatum,cortex
441,PE(P-18:1_16:1)-H,0.9640674778154016,0.18400233960280854,striatum,cortex
442,PE(P-18:1_18:0)-H,0.9785845326350533,0.5212253407229536,striatum,cortex
443,PE(P-18:1_18:1)-H,0.9370648778094187,0.6078029499126681,striatum,cortex
444,PE(P-18:1_18:2)-H,0.9892972931561729,0.6413612733322374,striatum,cortex
445,PE(P-18:1_20:1)-H,1.0028324614752746,0.9488494225355032,striatum,cortex
446,PE(P-18:1_20:2)-H,1.0125389371725324,0.6021505568587393,striatum,cortex
447,PE(P-18:1_20:3)-H,0.9932831569748841,0.840777446705768,striatum,cortex
448,PE(P-18:1_22:4)-H,0.9493255861607055,0.49621991485261185,striatum,cortex
449,PE(P-18:2_18:2)-H,0.9805920695218606,0.29149904184422903,striatum,cortex
450,PE(P-18:2_20:4)-H,1.0070051492932024,0.7610555533040562,striatum,cortex
451,PE(P-18:2_22:6)-H,1.0354182234952494,0.12505026319574772,striatum,cortex
452,PG(14:0_14:0)-H,0.9987830351391609,0.880242547646686,striatum,cortex
453,PG(14:1_14:1)-H,0.9968281874429564,0.7736263195736319,striatum,cortex
454,PG(14:0_18:2)-H,1.0144315214888386,0.07885094047669414,striatum,cortex
455,PG(14:0_18:3)-H,1.0234322926700379,0.2202122888893358,striatum,cortex
456,PG(14:0_20:1)-H,0.9938429727546375,0.58742038709531,striatum,cortex
457,PG(14:0_20:2)-H,1.0137127179121808,0.06253214763147068,striatum,cortex
458,PG(14:0_20:3)-H,1.006820109263179,0.41526947108560863,striatum,cortex
459,PG(14:0_20:4)-H,0.9995617923584461,0.9483833780014488,striatum,cortex
460,PG(14:0_22:4)-H,0.9855865582568668,0.15325215877865792,striatum,cortex
461,PG(14:0_22:5)-H,0.9909159859781507,0.44962896838179534,striatum,cortex
462,PG(14:0_22:6)-H,1.010556385299815,0.1512230529872067,striatum,cortex
463,PG(16:0_14:0)-H,1.0237016707025361,0.02059079552925197,striatum,cortex
464,PG(16:0_16:0)-H,1.068178352502842,1.8061398020415556e-06,striatum,cortex
465,PG(16:0_16:1)-H,1.0337655689240366,0.00016922685438709,striatum,cortex
466,PG(16:0_18:0)-H,1.0251436393876951,0.007153666345794336,striatum,cortex
467,PG(16:0_18:1)-H,1.0516276374593794,0.0015668720430488993,striatum,cortex
468,PG(16:0_18:3)-H,1.0169290016636376,0.0145474556279821,striatum,cortex
469,PG(16:0_20:1)-H,1.0114108950777512,0.2477935935310709,striatum,cortex
470,PG(16:0_20:2)-H,1.0454966413581213,5.8552664793394383e-05,striatum,cortex
471,PG(16:0_20:3)-H,1.0433945866608691,2.3404748264013215e-05,striatum,cortex
472,PG(16:0_20:4)-H,1.0657997297795017,0.0002364846642544117,striatum,cortex
473,PG(16:0_20:5)-H,0.9950684454171533,0.5045737106787228,striatum,cortex
474,PG(16:0_22:4)-H,1.009336001815324,0.34067106097525357,striatum,cortex
475,PG(16:0_22:5)-H,1.0131932120405944,0.12746796579793648,striatum,cortex
476,PG(16:0_22:6)-H,1.034146708878939,0.0023748482202016587,striatum,cortex
477,PG(18:0_14:0)-H,1.0255005462945193,0.002126688516321429,striatum,cortex
478,PG(18:0_16:1)-H,1.0041048263767525,0.6923218062803024,striatum,cortex
479,PG(18:0_18:0)-H,1.0064252582577995,0.38575262870280325,striatum,cortex
480,PG(18:0_18:1)-H,1.024544704527376,0.0387469029132238,striatum,cortex
481,PG(18:0_18:2)-H,1.021878186258476,0.031114766720178044,striatum,cortex
482,PG(18:0_18:3)-H,1.0090747795876862,0.13447320232225085,striatum,cortex
483,PG(18:0_20:0)-H,1.0089491356516136,0.349418510424212,striatum,cortex
484,PG(18:0_20:1)-H,0.9992296096104464,0.9298875821225099,striatum,cortex
485,PG(18:0_20:2)-H,1.0208468834764672,0.009635925158695147,striatum,cortex
486,PG(18:0_20:3)-H,1.0028783786241828,0.8080276580642805,striatum,cortex
487,PG(18:0_20:4)-H,0.9991200962437764,0.966035892945486,striatum,cortex
488,PG(18:0_20:5)-H,0.9901873419161834,0.28597439805086683,striatum,cortex
489,PG(18:0_22:4)-H,0.9901245022091416,0.3702263969420968,striatum,cortex
490,PG(18:0_22:5)-H,1.0060881789002345,0.6124179895901338,striatum,cortex
491,PG(18:0_22:6)-H,1.0238610844081222,0.057603912211157605,striatum,cortex
492,PG(18:1_16:1)-H,1.0076929802356775,0.43634671627413446,striatum,cortex
493,PG(18:1_18:1)-H,1.0205600497375062,0.1324846944497249,striatum,cortex
494,PG(18:1_18:3)-H,1.0111082308583055,0.10695239291918825,striatum,cortex
495,PG(18:1_20:1)-H,0.9858485242149655,0.040879927185949586,striatum,cortex
496,PG(18:1_20:3)-H,0.9952230565566709,0.6117004602595655,striatum,cortex
497,PG(18:1_20:5)-H,0.9854795907970002,0.07824482974719373,striatum,cortex
498,PG(18:1_22:4)-H,0.9871681545356941,0.27328259721228554,striatum,cortex
499,PG(18:1_22:5)-H,0.9730089662016715,0.13976996989237617,striatum,cortex
500,PG(18:1_22:6)-H,1.0058632015485967,0.6854037361815435,striatum,cortex
501,PG(18:2_16:1)-H,0.9931850115968003,0.39294453030301857,striatum,cortex
502,PG(18:2_18:2)-H,1.0118388704969365,0.2695580862516999,striatum,cortex
503,PG(18:2_18:3)-H,1.0033448009741095,0.7435562746233348,striatum,cortex
504,PG(18:2_20:1)-H,0.9960582970458257,0.6460501643354206,striatum,cortex
505,PG(18:2_20:2)-H,1.0195814843859918,0.03299613361907512,striatum,cortex
506,PG(18:2_20:3)-H,0.9974746804784246,0.7693466930497244,striatum,cortex
507,PG(18:2_20:4)-H,1.0050019078553247,0.7208583669873868,striatum,cortex
508,PG(18:2_20:5)-H,0.9987665481671801,0.9083953944281336,striatum,cortex
509,PG(18:2_22:4)-H,0.9824957220023542,0.0786682207020838,striatum,cortex
510,PG(18:2_22:5)-H,1.0037792550138505,0.6564983009586833,striatum,cortex
511,PG(18:2_22:6)-H,0.9994344657063264,0.9668920604961508,striatum,cortex
512,PG(20:0_16:1)-H,1.0187566416308058,0.0770582907934646,striatum,cortex
513,PG(20:0_18:1)-H,1.0073752583668723,0.42453433472871993,striatum,cortex
514,PG(20:0_18:2)-H,0.9951792319456649,0.7411445288614513,striatum,cortex
515,PG(20:0_20:4)-H,1.0137092852049323,0.42642777926003594,striatum,cortex
516,CE(20:0)+H,0.9785889023887754,0.6646714789289776,striatum,cortex
517,CE(22:5)+H,0.9521744194453671,0.3909630941412393,striatum,cortex
518,CE(18:2)+H,1.0800321517560403,0.3093863710566245,striatum,cortex
519,CE(18:3)+H,1.1599991930427342,0.1426267043406199,striatum,cortex
520,TAG(44:1_FA16:0)+NH4,0.9565407141476929,0.42588821522915055,striatum,cortex
521,TAG(44:2_FA16:0)+NH4,0.9486910343926795,0.49487327685292726,striatum,cortex
522,TAG(46:2_FA14:0)+NH4,1.0915060933020042,0.09092596493754054,striatum,cortex
523,TAG(47:1_FA14:0)+NH4,1.017851017947402,0.739561732319567,striatum,cortex
524,TAG(47:2_FA18:1)+NH4,0.9514792334850811,0.3567866319471531,striatum,cortex
525,TAG(48:2_FA18:1)+NH4,0.9766694631628936,0.6511311926439765,striatum,cortex
526,TAG(48:3_FA16:0)+NH4,1.2638564094935278,0.03501727611941017,striatum,cortex
527,TAG(50:3_FA14:0)+NH4,1.494957319959932,0.0037984862036112713,striatum,cortex
528,TAG(50:4_FA14:0)+NH4,1.2027528291156744,0.03807389549944379,striatum,cortex
529,TAG(51:3_FA16:1)+NH4,1.006356399745981,0.9353873965325333,striatum,cortex
530,TAG(52:5_FA18:1)+NH4,1.3900411414295282,0.011986271138388063,striatum,cortex
531,TAG(52:6_FA16:1)+NH4,1.1383871617520376,0.12245627552863778,striatum,cortex
532,TAG(55:5_FA18:2)+NH4,0.970718829117656,0.6802005595107706,striatum,cortex
533,TAG(55:7_FA22:6)+NH4,1.3798166632445055,0.006132089867458094,striatum,cortex
534,DAG(16:0_16:1)+NH4,0.9787313784816607,0.6807815689988301,striatum,cortex
535,DAG(14:0_20:0)+NH4,0.9828363015629978,0.672187206294571,striatum,cortex
536,DAG(16:1_18:0)+NH4,1.0057863199519397,0.9073944076281171,striatum,cortex
537,LPG(18:1)-H,1.0500028825681116,0.08878396214714494,striatum,cortex
538,LPS(20:4)-H,1.0249567716182189,0.7643811172120553,striatum,cortex
539,PS(14:0_18:1)-H,1.0604179685835462,0.14849785066969168,striatum,cortex
540,PC(16:0_20:5)+AcO,1.0968318572786915,0.16432030919663668,striatum,cortex
541,PC(18:0_22:4)+AcO,1.0211242981857567,0.659249544577479,striatum,cortex
542,PC(18:2_20:3)+AcO,1.0188675849950988,0.8001988558743004,striatum,cortex
543,PC(20:0_18:1)+AcO,1.7080734222660359,0.059138236142399346,striatum,cortex
544,PE(14:0_20:3)-H,1.0000150668677927,0.9995079269148337,striatum,cortex
545,PE(18:2_20:2)-H,1.0048544333883944,0.7351842645656301,striatum,cortex
546,PE(P-14:0_18:1)-H,0.9714855388573821,0.22191919422619452,striatum,cortex
547,PG(14:0_20:5)-H,0.9718263542430823,0.3251459730170465,striatum,cortex
548,CE(20:2)+H,1.042954098823027,0.45576424741736277,striatum,cortex
549,CE(22:4)+H,1.0073506838280104,0.8904984800095644,striatum,cortex
550,TAG(45:1_FA18:1)+NH4,1.0460202126884413,0.4080488565728386,striatum,cortex
551,TAG(52:5_FA22:5)+NH4,1.021514561369827,0.793303334288014,striatum,cortex
552,TAG(52:6_FA20:5)+NH4,1.0097964813263838,0.8987241637736398,striatum,cortex
553,TAG(52:7_FA16:0)+NH4,1.0470558124424205,0.698531336993226,striatum,cortex
554,LPI(22:6)-H,1.0376904744989375,0.2996369439914569,striatum,cortex
555,PC(18:1_22:4)+AcO,1.165974273472016,0.05206361700136473,striatum,cortex
556,CE(22:0)+H,1.0562196091668223,0.4789208994897052,striatum,cortex
557,TAG(50:5_FA18:2)+NH4,1.23760908832447,0.058351555120822594,striatum,cortex
558,TAG(54:5_FA18:0)+NH4,1.3024258833666131,0.007954675354622085,striatum,cortex
559,TAG(54:5_FA18:3)+NH4,1.4365269732983923,0.0049742880233556675,striatum,cortex
560,TAG(54:7_FA18:3)+NH4,1.1938066996175933,0.10260905043969398,striatum,cortex
561,TAG(54:8_FA18:3)+NH4,1.0000277617714044,0.999648066827356,striatum,cortex
562,LPS(16:1)-H,1.0020178589588118,0.9646320786091453,striatum,cortex
563,PS(14:0_14:0)-H,1.0302293852302076,0.4408140999350911,striatum,cortex
564,PS(18:2_18:3)-H,0.9755435550343322,0.5227673806569979,striatum,cortex
565,PC(14:0_18:2)+AcO,1.5031507846736023,0.009844530376149217,striatum,cortex
566,PE(P-16:0_16:0)-H,1.2680318338350944,0.008554749984491428,striatum,cortex
567,PG(20:0_20:2)-H,1.0118734851006888,0.5788030310708518,striatum,cortex
568,CE(22:1)+H,1.0397038743810691,0.5140768329595983,striatum,cortex
569,TAG(50:1_FA14:0)+NH4,1.0001056472840462,0.9992900749306334,striatum,cortex
570,TAG(53:3_FA16:0)+NH4,1.0434432882423665,0.6876279934285954,striatum,cortex
571,PS(18:1_22:5)-H,1.4281631999933297,0.0002710944369010365,striatum,cortex
572,TAG(54:4_FA22:4)+NH4,1.5910052715513112,0.004620749178206718,striatum,cortex
573,TAG(54:5_FA16:1)+NH4,1.2354452948717056,0.1554204003177554,striatum,cortex
574,TAG(52:8_FA16:1)+NH4,1.0073203470492993,0.9299050198315971,striatum,cortex
575,TAG(52:8_FA18:2)+NH4,0.7377876853005788,,striatum,cortex
576,TAG(53:4_FA17:0)+NH4,1.0193491093481286,0.8846644194045914,striatum,cortex
577,DAG(16:0_18:3)+NH4,1.0106967819105885,0.8983203185785997,striatum,cortex
578,PC(18:2_22:6)+AcO,2.0824969531730524,4.503442196440104e-06,striatum,cortex
579,TAG(52:7_FA18:1)+NH4,0.8665869946046603,0.4101836418218786,striatum,cortex
580,TAG(56:3_FA18:1)+NH4,1.4354647458393035,0.024173569297936345,striatum,cortex
581,PG(20:0_20:1)-H,0.9895101405719361,0.6388271646651915,striatum,cortex
582,TAG(50:4_FA18:3)+NH4,1.0818592735538293,0.3741584160517909,striatum,cortex
583,LPS(22:4)-H,1.0354309617763968,0.5544822204871496,striatum,cortex
584,TAG(50:4_FA16:0)+NH4,1.4329827547116736,0.0006139481591182787,striatum,cortex
585,SM(22:0)+H,1.027646533485067,0.6016875283773084,cortex,striatum
586,TAG(51:1_FA17:0)+NH4,1.133988130073245,,cortex,striatum
587,PC(18:0_20:2)+AcO,0.7802135614548212,0.00910007136528302,cortex,striatum
588,PC(18:0_22:5)+AcO,0.756708977318458,0.011480709744554157,cortex,striatum
589,PG(20:0_20:5)-H,1.0261230331630904,,cortex,striatum
590,LPG(18:2)-H,0.8087832024665296,5.105790213165334e-07,cortex,striatum
591,PC(18:0_20:0)+AcO,0.40237056214562944,,cortex,striatum
592,PS(18:1_22:4)-H,0.6277791886971478,1.968013038399957e-06,cortex,striatum
593,PC(18:1_22:5)+AcO,0.9770352120315744,0.24704971081929278,striatum,cortex
594,PC(18:1_22:6)+AcO,0.9579407398583718,0.14787850671674552,striatum,cortex
595,PC(18:2_20:1)+AcO,1.2671131939927376,0.03844434597869299,striatum,cortex
596,PC(18:2_20:2)+AcO,0.9864565471444722,0.6131004406513731,striatum,cortex
597,PC(18:2_22:4)+AcO,0.9182227571410158,0.0026396735498228235,striatum,cortex
598,PC(20:0_16:1)+AcO,1.1965188501085646,0.039849871354971964,striatum,cortex
599,PC(14:0_20:1)+AcO,1.2524113115521154,0.01779208242735698,striatum,cortex
600,PC(14:0_20:2)+AcO,1.2515316738024664,0.011476705833916611,striatum,cortex
601,PC(14:0_20:3)+AcO,1.3629919234270722,0.011385028876787237,striatum,cortex
602,PC(14:0_20:5)+AcO,1.0214663316421047,0.44272561523433573,striatum,cortex
603,PC(14:0_22:4)+AcO,1.5998482530036162,0.019554005095658637,striatum,cortex
604,PC(14:0_22:5)+AcO,1.3535363533536173,0.012112036385045028,striatum,cortex
605,PC(14:0_22:6)+AcO,1.752486062540966,0.012921373495372184,striatum,cortex
606,PC(14:1_14:1)+AcO,0.956923011674218,,striatum,cortex
607,PC(18:0_18:3)+AcO,1.2010602926569514,0.015568994412418243,striatum,cortex
608,PC(18:0_20:5)+AcO,1.1643251358406181,0.06009189861616996,striatum,cortex
609,PC(18:0_22:6)+AcO,2.0912185142119832,0.016761362688669273,striatum,cortex
610,PC(18:1_18:3)+AcO,0.983984277022294,0.47367243054879815,striatum,cortex
611,PC(18:1_20:5)+AcO,0.9600077150433147,0.07292913636787249,striatum,cortex
612,TAG(56:5_FA22:5)+NH4,0.4006207587943054,,cortex,striatum
